Workbook
Name aporte: INVESTIMENTOS!$D$20
Name patrimonio: INVESTIMENTOS!$D$23
Name qtdAnos: INVESTIMENTOS!$D$21
Name Rendimento: INVESTIMENTOS!$D$16
Name salario: INVESTIMENTOS!$D$15
Name sugestaoInvest: INVESTIMENTOS!$D$17
Name taxaMensal: INVESTIMENTOS!$D$22

Sheet INVESTIMENTOS
B14: CONFIGURAÇÕES
B15: Salário | D15: 5000
B16: Rendimento Carteira | D16: 0.006
B17: Sugestão de Investimento (30%) | D17: =D15*30% -> 1500
B19: INVESTIMENTO MENSAL
B20: Quanto investir por mês? | D20: 1500
B21: Por Quantos Anos? | D21: 5
B22: Taxa de Rendimento Mensal? | D22: 0.01079
B23: Patromonio Acumulado? | D23: =FV(taxaMensal,qtdAnos*12,aporte*-1) -> 125665.37
B24: Dividendos Mensais? | D24: =patrimonio*Rendimento -> 753.99223
B26: CENÁRIOS | D26: DIVIDENDO
A27: 3 | B27: Quanto em 3 anos? | C27: =FV($D$22,$A27*12,$D$20*-1) -> 65562.561 | D27: =C27*Rendimento -> 393.37537
A28: 7 | B28: Quanto em 7 anos? | C28: =FV($D$22,$A28*12,$D$20*-1) -> 203425.55 | D28: =C28*Rendimento -> 1220.5533
A29: 15 | B29: Quanto em 15 anos? | C29: =FV($D$22,$A29*12,$D$20*-1) -> 820467.89 | D29: =C29*Rendimento -> 4922.8074
A30: 25 | B30: Quanto em 25 anos? | C30: =FV($D$22,$A30*12,$D$20*-1) -> 3339152.5 | D30: =C30*Rendimento -> 20034.915
A31: 30 | B31: Quanto em 30 anos? | C31: =FV($D$22,$A31*12,$D$20*-1) -> 6483254.5 | D31: =C31*Rendimento -> 38899.527
B35: Perfil | C35: Agressivo
B36: Valor a ser investido por mês | C36: =aporte -> 1500
B38: Tipos de FII | C38: Percentual Sugerido | D38: Valores
B39: Papel | C39: =VLOOKUP($C$35&"-"&B39,INVESTIMENTOS_APOIO!$A:$D,4,0) -> 0.6 | D39: =C39*$C$36 -> 900
B40: Tijolo | C40: =VLOOKUP($C$35&"-"&B40,INVESTIMENTOS_APOIO!$A:$D,4,0) -> 0.2 | D40: =C40*$C$36 -> 300
B41: Híbridos | C41: =VLOOKUP($C$35&"-"&B41,INVESTIMENTOS_APOIO!$A:$D,4,0) -> 0.05 | D41: =C41*$C$36 -> 75
B42: FOFs | C42: =VLOOKUP($C$35&"-"&B42,INVESTIMENTOS_APOIO!$A:$D,4,0) -> 0 | D42: =C42*$C$36 -> 0
B43: Desenvolvimento | C43: =VLOOKUP($C$35&"-"&B43,INVESTIMENTOS_APOIO!$A:$D,4,0) -> 0.1 | D43: =C43*$C$36 -> 150
B44: Hotelarias | C44: =VLOOKUP($C$35&"-"&B44,INVESTIMENTOS_APOIO!$A:$D,4,0) -> 0.05 | D44: =C44*$C$36 -> 75
D45: =SUM(D39:D44) -> 1500

Sheet INVESTIMENTOS_APOIO
A2: Chave | B2: Perfil | C2: Tipo de FII | D2: %
A3: =$B$3&"-"&C3 -> Conservador-Papel | B3: Conservador | C3: Papel | D3: 0.35
A4: =$B$3&"-"&C4 -> Conservador-Tijolo | B4: Conservador | C4: Tijolo | D4: 0.35
A5: =$B$3&"-"&C5 -> Conservador-Híbridos | B5: Conservador | C5: Híbridos | D5: 0.1
A6: =$B$3&"-"&C6 -> Conservador-FOFs | B6: Conservador | C6: FOFs | D6: 0.05
A7: =$B$3&"-"&C7 -> Conservador-Desenvolvimento | B7: Conservador | C7: Desenvolvimento | D7: 0.1
A8: =$B$3&"-"&C8 -> Conservador-Hotelarias | B8: Conservador | C8: Hotelarias | D8: 0.05
A9: =$B$9&"-"&C9 -> Moderado-Papel | B9: Moderado | C9: Papel | D9: 0.4
A10: =$B$9&"-"&C10 -> Moderado-Tijolo | B10: Moderado | C10: Tijolo | D10: 0.3
A11: =$B$9&"-"&C11 -> Moderado-Híbridos | B11: Moderado | C11: Híbridos | D11: 0.05
A12: =$B$9&"-"&C12 -> Moderado-FOFs | B12: Moderado | C12: FOFs | D12: 0.1
A13: =$B$9&"-"&C13 -> Moderado-Desenvolvimento | B13: Moderado | C13: Desenvolvimento | D13: 0.1
A14: =$B$9&"-"&C14 -> Moderado-Hotelarias | B14: Moderado | C14: Hotelarias | D14: 0.05
A15: =$B$15&"-"&C15 -> Agressivo-Papel | B15: Agressivo | C15: Papel | D15: 0.6
A16: =$B$15&"-"&C16 -> Agressivo-Tijolo | B16: Agressivo | C16: Tijolo | D16: 0.2
A17: =$B$15&"-"&C17 -> Agressivo-Híbridos | B17: Agressivo | C17: Híbridos | D17: 0.05
A18: =$B$15&"-"&C18 -> Agressivo-FOFs | B18: Agressivo | C18: FOFs | D18: 0
A19: =$B$15&"-"&C19 -> Agressivo-Desenvolvimento | B19: Agressivo | C19: Desenvolvimento | D19: 0.1
A20: =$B$15&"-"&C20 -> Agressivo-Hotelarias | B20: Agressivo | C20: Hotelarias | D20: 0.05
